"Tm","G","PA","AB","R","H","2B","3B","HR","RBI","SB","CS","BB","SO","BA","OBP","SLG","OPS","OPS+","TB","GDP","HBP","SH","SF","IBB","Pos Summary","Rbat","Rbaser","Rdp","Rfield","Rpos","RAA","WAA","Rrep","RAR","WAR","waaWL%","162WL%","oWAR","dWAR","oRAR","Salary","Acquired","Outs","RC","RC/G","AIR","BAbip","lgBA","lgOBP","lgSLG","lgOPS","OWn%","BtRuns","BtWins","TotA","SecA","ISO","PwrSpd","Plays","WPA","WPA+","WPA-","aLI","WPA/LI","Clutch","RE24","REW","boLI","RE24/boLI","PHlev","PHAB","HR%","SO%","BB%","XBH%","X/H%","SO/W","AB/SO","AB/HR","AB/RBI","GB/FB","GO/AO","IP%","LD%","HR/FB","IF/FB","ROE","XI","RS%","SBO","SB%","SB2","CS2","SB3","CS3","SBH","CSH","PO","PCS","OOB","OOB1","OOB2","OOB3","OOBHm","BT","XBT%","1stS.x","1stS2","1stS3","1stD","1stD3","1stDH","2ndS","2ndS3","2ndSH","Pit","Pit/PA","Str","Str%","L/Str","S/Str","F/Str","I/Str","AS/Str","I/Bll","AS/Pit","Con","1stS.y","30%","30c","30s","20%","20c","20s","31%","31c","31s","L/SO","S/SO","L/SO%","PAu","Pitu","Stru","1B","UBB","OnBase","Out","LOB","total_GO_FO","GO","FO","Name_Players","#Bat","BatAge","R/G","Name_Tm"
"League Average per 600 PA",200,600,536,70,133,27,3,18,67,8,3,51,134,0.248,0.318,0.409,0.727,NA,219,11,6,3,4,3,NA,NA,NA,NA,NA,NA,NA,NA,NA,NA,NA,NA,NA,NA,NA,NA,NA,NA,NA,NA,NA,NA,NA,NA,NA,NA,NA,NA,NA,NA,NA,NA,NA,NA,NA,NA,NA,NA,NA,NA,NA,NA,NA,NA,NA,NA,NA,3,22.3,8.5,7.9,36,2.63,4,29.6,8,0.78,1.02,65,25,9.1,12,5,0,30,215,72,7,3,1,0,0,0,1,0,5,1,2,1,2,15,41,27,19,8,8,5,4,16,6,9,2345,3.91,1488,63.4,26.5,18.3,27.8,27.4,73.5,0,46.6,75.1,28.7,4.5,27,3,13.7,82,34,8.7,52,29,31,102,23.1,0,0,0,85,48,177,9,98,253,127,125,"League Average per 600 PA",NA,NA,NA,"League Average per 600 PA"
"Arizona Diamondbacks",162,6157,5460,693,1283,259,50,176,658,79,25,560,1460,0.235,0.31,0.397,0.707,84,2170,110,52,38,45,36,NA,-125,10,3,85,60,33,1,188,222,19.5,0.501,0.503,11.6,8.3,136,121250600,NA,4395,716,4.4,109,0.286,0.262,0.337,0.432,0.769,0.48,-136.3,-13.8,0.663,0.275,0.162,109.1,6360,-3.6,107.2,-110.8,1.01,-3.9,0.4,-40.9,-4.1,0.94,-44.1,1.3,228,2.9,23.7,9.1,7.9,38,2.61,3.7,31,8.3,0.79,1.08,63,25,8.8,11,57,2,30,2136,76,61,22,18,3,0,0,9,4,56,8,22,5,21,156,45,245,157,84,69,35,33,130,44,81,24087,3.91,15336,63.7,28.2,18.4,26.8,26.6,71.8,0,45.7,74.4,28.5,4.5,278,16,12.7,786,290,8.9,550,301,378,1080,25.9,0,0,0,798,524,1778,90,995,2550,1324,1225,NA,49,29.2,4.28,"Arizona Diamondbacks"
"Atlanta Braves",162,6251,5582,759,1433,314,29,175,717,90,36,511,1290,0.257,0.324,0.417,0.742,99,2330,99,66,49,43,53,NA,-8,4,1,50,60,108,8.9,189,297,27.6,0.505,0.505,23.4,4.5,247,83671667,NA,4376,800,4.9,102,0.302,0.254,0.327,0.417,0.744,0.533,-5.6,-0.8,0.7,0.262,0.161,118.9,6457,2.9,110.1,-107.2,0.98,3.2,-0.3,58.9,5.5,0.95,45.1,1.16,218,2.8,20.6,8.2,8.3,36,2.52,4.3,31.9,7.8,0.76,1.01,67,26,8,11,60,0,31,2273,71,75,28,13,7,2,1,8,5,51,6,14,8,23,142,44,284,190,92,102,56,42,171,51,110,23960,3.83,15353,64.1,23,18.2,30.3,28.6,77,0,49.4,76.4,34.5,4.4,273,18,13.2,828,361,7.8,487,296,302,979,23.4,0,0,0,915,458,1895,95,1041,2700,1356,1343,NA,58,27.3,4.69,"Atlanta Braves"
"Baltimore Orioles",162,6034,5507,622,1317,242,15,188,593,81,22,422,1412,0.239,0.298,0.391,0.689,91,2153,132,57,13,35,19,NA,-73,2,-7,-88,-6,-172,-15.5,215,43,5,0.49,0.494,12.6,-7.8,131,136816833,NA,4392,650,4,96,0.286,0.245,0.314,0.409,0.723,0.429,-73.3,-7.4,0.625,0.239,0.152,113.2,6219,-18.6,92.5,-111.1,0.99,-10.9,-8,-109,-11.1,0.91,-108.9,1.46,85,3.1,23.4,7,7.4,34,3.35,3.9,29.3,9.3,0.81,1.09,65,24,9.4,12,46,0,27,2090,79,72,17,8,4,1,1,8,3,48,5,21,5,17,141,41,253,177,74,83,41,35,148,58,87,23540,3.89,15130,64.3,24.7,20.4,27.6,27.4,75.3,0,48.4,73,29.9,3.9,235,30,13.1,795,367,8.1,487,290,284,1128,20.1,0,0,0,872,403,1654,78,954,2600,1355,1244,NA,56,28.4,3.84,"Baltimore Orioles"
"Boston Red Sox",162,6302,5623,876,1509,355,31,208,829,125,31,569,1253,0.268,0.339,0.453,0.792,112,2550,130,55,7,48,38,NA,97,6,-4,-55,-3,41,6.1,222,263,27.3,0.502,0.504,31.5,-4.1,318,177730000,NA,4330,905,5.6,103,0.309,0.254,0.324,0.424,0.748,0.585,96,9,0.772,0.303,0.185,156.2,6578,15.1,116.6,-101.5,0.95,10.2,5.6,136.8,12.6,0.96,111.5,1.58,84,3.3,19.9,9,9.4,39,2.2,4.5,27,6.8,0.78,1.04,67,25,9.4,11,70,0,34,2271,80,109,25,16,4,0,2,12,4,57,5,23,12,17,186,37,274,190,82,120,79,39,203,98,97,24783,3.92,15452,62.3,26.6,16.5,28.2,28.6,73.4,0,45.7,77.5,26.9,4.8,304,27,15.3,964,405,9.6,605,325,278,974,22.2,0,0,0,915,531,1995,100,1019,2661,1356,1304,NA,44,27.7,5.41,"Boston Red Sox"
"Chicago Cubs",163,6369,5624,761,1453,286,34,167,722,66,38,576,1388,0.258,0.333,0.41,0.744,95,2308,107,78,40,46,67,NA,-49,2,8,51,57,69,4.9,195,264,24,0.503,0.503,19.7,4.3,213,202373881,NA,4402,806,4.9,108,0.313,0.261,0.336,0.43,0.766,0.534,-42.9,-4.4,0.702,0.259,0.152,94.6,6587,-0.5,110.4,-111,0.99,3.7,-4.2,34.7,3.1,0.97,40.3,1.23,240,2.6,21.8,9,7.7,34,2.41,4.1,33.7,7.8,0.88,1.17,65,25,8.3,11,60,5,30,2351,63,53,31,11,6,2,1,12,6,70,14,20,15,21,191,43,344,210,127,98,59,37,171,66,99,24473,3.83,15517,63.4,25.6,19.2,27.3,27.9,74.4,0,47.2,74.1,32.3,5.4,344,38,13.9,885,331,8.2,523,278,347,1038,25,0,0,0,966,509,2005,120,1124,2616,1410,1205,NA,50,27.2,4.67,"Chicago Cubs"
"Chicago White Sox",162,6071,5523,656,1332,259,40,182,639,98,41,425,1594,0.241,0.302,0.401,0.703,93,2217,99,66,24,32,18,NA,-47,-3,0,-41,-5,-96,-7.5,216,120,13,0.494,0.497,15.8,-2.9,161,66434000,NA,4387,678,4.1,97,0.304,0.246,0.315,0.411,0.726,0.448,-55.8,-5.6,0.648,0.248,0.16,127.4,6292,-8.8,98.4,-107.2,0.97,-6,-3.1,-76.1,-7.7,0.92,-64.1,1.57,79,3,26.3,7,7.9,36,3.75,3.5,30.3,8.6,0.83,1.1,62,25,9.6,12,60,1,28,2065,71,79,37,19,3,0,1,12,5,53,4,18,9,22,123,41,250,166,81,85,46,35,140,56,77,23781,3.91,15549,65.4,25.3,21.1,28,25.6,74.7,0,48.8,71.8,29.8,3.4,204,19,11.5,698,327,7.1,430,263,362,1228,22.7,0,0,0,851,407,1702,106,940,2438,1277,1160,NA,51,26.5,4.05,"Chicago White Sox"
"Cincinnati Reds",162,6240,5532,696,1404,251,25,172,665,77,33,559,1376,0.254,0.328,0.401,0.729,94,2221,128,65,49,35,35,NA,-54,-16,-1,9,58,-3,-2.9,190,187,15.9,0.5,0.501,16.1,-0.2,178,94042500,NA,4373,758,4.7,104,0.307,0.257,0.331,0.422,0.753,0.509,-48.8,-5,0.681,0.257,0.148,106.4,6417,-6.9,106.3,-113.2,1.03,-2.5,-4.2,-19.1,-2.1,0.97,-22.9,1.27,218,2.8,22.1,9,7.2,32,2.46,4,32.2,8.3,0.71,0.97,64,27,7.9,10,39,0,28,2308,70,67,29,10,2,0,2,14,8,49,8,11,11,19,115,35,333,246,84,78,42,35,182,89,86,23833,3.81,15067,63.2,25.4,17.6,28.9,28.1,74.6,0,47.1,76.4,32.7,4.6,288,25,13.5,841,375,8.4,526,262,355,1012,25.8,0,0,0,956,524,1895,96,1103,2585,1272,1312,NA,53,27.2,4.3,"Cincinnati Reds"
"Cleveland Indians",162,6300,5595,818,1447,297,19,216,786,135,36,554,1189,0.259,0.332,0.434,0.766,105,2430,98,80,25,44,32,NA,39,14,2,3,-5,53,7.7,220,274,28.6,0.503,0.504,26.9,1.7,271,133085233,NA,4351,847,5.2,103,0.291,0.254,0.324,0.424,0.748,0.553,39.7,3.7,0.747,0.292,0.176,166.2,6576,-1.1,104.4,-105.4,0.94,6.2,-7.3,71.5,6.6,0.95,62.1,1.27,87,3.4,18.9,8.8,8.4,37,2.15,4.7,25.9,7.1,0.7,0.9,67,26,9.5,12,56,2,31,2257,79,118,32,15,3,2,1,7,5,56,11,23,11,11,187,41,301,209,88,104,62,42,175,62,106,24696,3.92,15361,62.2,26.4,15.7,28.8,29.1,73.6,0,45.8,78.6,25.1,5.6,351,43,15.7,988,445,9.4,593,374,255,934,21.4,0,0,0,915,522,1923,99,1006,2805,1328,1476,NA,49,29.4,5.05,"Cleveland Indians"
"Colorado Rockies",163,6178,5541,780,1418,280,42,210,748,95,33,507,1397,0.256,0.322,0.435,0.757,90,2412,114,51,42,37,38,NA,-76,3,-1,-20,59,-35,-6.3,186,151,12.1,0.498,0.5,15.4,-3.1,172,135498500,NA,4349,807,5,116,0.304,0.272,0.348,0.447,0.795,0.54,-93.9,-9.6,0.718,0.282,0.179,130.8,6397,5.7,111.6,-106,0.96,2.8,3.1,28.5,2.4,0.93,27.9,1.17,240,3.4,22.6,8.2,8.6,38,2.76,4,26.4,7.4,0.87,1.21,64,25,10.5,9,61,0,32,2210,74,91,33,4,0,0,0,11,5,59,10,12,19,18,126,47,265,164,94,81,41,38,161,50,108,23543,3.8,15031,63.8,23.6,19.5,28.8,28.1,76.4,0,48.8,74.4,32.2,4.1,257,14,12.5,773,362,8.1,502,288,301,1088,21.5,0,0,0,886,469,1827,103,944,2551,1396,1154,NA,41,28.7,4.79,"Colorado Rockies"
"Detroit Tigers",162,6029,5494,630,1326,284,35,135,597,70,30,428,1341,0.241,0.3,0.38,0.68,85,2085,110,52,15,40,18,NA,-110,-2,-1,-16,-7,-136,-11.8,215,79,8.6,0.491,0.496,8.9,-0.5,95,105531000,NA,4363,640,3.9,100,0.293,0.251,0.32,0.418,0.738,0.425,-122.9,-12.2,0.612,0.223,0.138,92.2,6221,-10.3,102.6,-112.8,1.02,-11.7,1.6,-106.9,-10.7,0.94,-138.7,1.67,66,2.2,22.2,7.1,7.5,34,3.13,4.1,40.7,9.2,0.76,0.92,67,26,6.6,13,68,0,29,2110,70,66,28,4,1,0,1,13,4,46,9,14,12,11,150,39,285,197,84,93,55,35,138,53,80,23406,3.87,15239,65.1,24,19.2,29.3,27.6,76,0,49.5,74.8,30.3,4.3,257,13,13.1,789,335,8.1,489,290,263,1076,19.6,0,0,0,872,410,1739,89,1020,2649,1269,1379,NA,49,27.9,3.89,"Detroit Tigers"
"Houston Astros",162,6146,5453,797,1390,278,18,205,763,71,26,565,1197,0.255,0.329,0.425,0.754,109,2319,156,61,14,45,19,NA,70,-4,-12,1,-6,49,7.2,217,267,27.8,0.503,0.504,26.4,1.3,265,170224800,NA,4304,772,4.8,96,0.289,0.245,0.314,0.409,0.723,0.516,76.2,7.3,0.71,0.282,0.17,105.5,6347,4,109.9,-105.9,0.98,6,-1.9,83.4,8.1,0.95,72.6,2.09,78,3.3,19.5,9.2,8.2,36,2.12,4.6,26.6,7.1,0.74,0.95,67,24,9.6,13,51,8,32,2247,73,63,22,8,3,0,1,10,1,57,7,21,11,18,172,39,292,207,82,103,56,46,160,69,89,23706,3.85,14770,62.3,28.7,15.5,26.5,29.2,71.3,0,44.4,78.2,28.8,5.4,332,32,15.1,931,349,10,614,326,325,871,27.2,0,0,0,889,546,1870,93,980,2659,1295,1363,NA,41,28.2,4.92,"Houston Astros"
"Kansas City Royals",162,6063,5505,638,1350,283,29,155,606,117,38,427,1310,0.245,0.305,0.392,0.697,91,2156,123,67,24,40,13,NA,-68,-5,-6,22,-1,-58,-3.8,215,157,16.7,0.496,0.499,13.1,3.9,134,90600167,NA,4380,672,4.1,98,0.293,0.249,0.318,0.415,0.732,0.445,-73.8,-7.5,0.641,0.238,0.146,133.3,6307,-13.8,100.9,-114.7,1.02,-9.7,-3.9,-99.2,-10,0.93,-100.8,1.24,42,2.6,21.6,7,7.7,35,3.07,4.2,35.5,9.1,0.72,0.96,67,26,7.1,11,56,0,29,2130,75,85,31,32,5,0,2,15,7,50,6,14,9,21,148,41,236,167,68,79,35,40,152,58,85,23365,3.84,15053,64.4,24.6,18.9,28.2,28.3,75.4,0,48.6,74.9,30.8,3.5,215,25,12.5,757,359,7.7,466,291,300,1009,22.9,0,0,0,883,414,1745,103,1004,2666,1305,1360,NA,49,28.6,3.94,"Kansas City Royals"
"Los Angeles Angels",162,6108,5472,721,1323,249,23,214,690,89,22,514,1300,0.242,0.313,0.413,0.726,100,2260,111,73,7,39,38,NA,-5,6,0,37,-4,34,5.5,217,252,26,0.502,0.504,20.9,5.3,214,148352166,NA,4328,751,4.6,97,0.277,0.246,0.315,0.411,0.726,0.501,0,-0.3,0.686,0.277,0.171,125.7,6322,-0.1,101.1,-101.2,0.93,1.5,-1.6,-0.8,-0.4,0.93,14.2,1.37,99,3.5,21.3,8.4,8,37,2.53,4.2,25.6,7.9,0.72,0.94,65,25,10.1,13,49,3,29,2161,80,78,18,10,4,1,0,7,3,58,10,16,13,19,169,42,287,188,92,76,46,30,146,49,91,23883,3.9,14982,62.7,28.1,17.1,26.7,28.2,71.9,0,45.1,76.3,25.8,4.6,280,29,14.1,865,375,9,552,300,332,966,25.5,0,0,0,837,476,1748,87,940,2689,1302,1386,NA,60,29.5,4.45,"Los Angeles Angels"
"Los Angeles Dodgers",163,6358,5572,804,1394,296,33,235,756,75,24,647,1436,0.25,0.333,0.442,0.774,109,2461,119,61,39,39,47,NA,76,17,-1,16,56,163,14.8,195,359,34.1,0.507,0.506,33.6,0.4,343,156203429,NA,4399,861,5.3,100,0.294,0.251,0.324,0.413,0.737,0.564,78,7.5,0.751,0.317,0.191,113.7,6587,2.1,114.1,-111.9,1.01,10.9,-8.7,98.5,9.6,0.96,123.3,1.25,303,3.7,22.6,10.2,8.9,41,2.22,3.9,23.7,7.4,0.7,0.94,62,25,10.9,12,57,0,30,2318,76,57,20,18,1,0,3,10,4,63,9,25,10,19,196,45,270,168,97,100,58,40,165,58,104,25807,4.05,15988,62,29.7,17.6,26.3,26.4,70.3,0,43.5,75,24.7,5.2,333,43,14.9,950,364,10,640,359,388,1042,27,0,0,0,830,600,1924,97,1023,2566,1243,1322,NA,52,28.1,4.93,"Los Angeles Dodgers"
"Miami Marlins",161,6083,5488,589,1303,222,24,128,554,45,31,455,1384,0.237,0.303,0.357,0.659,87,1957,119,73,32,31,26,NA,-62,-8,6,24,46,5,-2,188,193,16.6,0.5,0.501,15.2,1.1,169,85315143,NA,4398,612,3.7,92,0.293,0.241,0.312,0.396,0.708,0.409,-83.1,-8.4,0.584,0.205,0.119,66.6,6247,-8.5,99,-107.5,1.01,-8.8,0.5,-73.4,-7.9,0.95,-86.2,1.11,254,2.1,22.8,7.5,6.2,29,3.04,4,42.9,9.9,0.93,1.2,66,25,6.9,12,74,4,27,2193,59,40,29,5,2,0,0,11,2,48,12,17,10,9,126,40,298,209,86,76,42,32,176,70,101,23642,3.88,15246,64.5,27.7,17.7,27.2,27.3,72.3,0,46.6,75.5,26,4.2,254,9,13.5,825,322,8.4,514,282,316,1060,22.8,0,0,0,929,429,1781,90,1102,2608,1422,1185,NA,51,27.5,3.66,"Miami Marlins"
"Milwaukee Brewers",163,6210,5542,754,1398,252,24,218,711,124,32,537,1458,0.252,0.323,0.424,0.747,99,2352,128,58,29,41,32,NA,-2,4,2,81,51,137,11.9,190,327,30.6,0.506,0.505,23.1,7.4,246,102430700,NA,4374,795,4.9,104,0.302,0.256,0.33,0.421,0.75,0.53,-15.8,-1.8,0.714,0.286,0.172,158.1,6469,7.3,113.9,-106.6,1,5.6,1.7,45.2,4.1,0.95,54.6,1.2,251,3.5,23.5,8.7,8,35,2.72,3.8,25.4,7.8,0.87,1.21,63,24,11.2,11,66,3,30,2201,79,96,25,28,7,0,0,15,7,56,8,16,13,19,148,39,269,187,76,81,46,33,161,63,92,24355,3.91,15539,63.8,26.9,18.7,27.7,26.7,73.1,0,46.7,74.4,28,4.3,266,19,13.8,859,346,8.4,522,276,311,1141,21.3,0,0,0,904,505,1844,103,987,2492,1364,1127,NA,53,28.8,4.63,"Milwaukee Brewers"
"Minnesota Twins",162,6154,5526,738,1379,317,22,166,704,47,27,534,1328,0.25,0.318,0.405,0.723,95,2238,89,37,19,38,25,NA,-47,0,4,-10,-4,-57,-3.6,219,162,17.2,0.496,0.499,16.9,0.4,172,93580000,NA,4320,733,4.5,101,0.298,0.252,0.321,0.42,0.742,0.491,-35.3,-3.6,0.67,0.256,0.155,73.3,6342,-0.9,107.3,-108.2,1,-3.6,2.7,-2.4,-0.4,0.93,-40.4,1.39,93,2.7,21.6,8.7,8.2,37,2.49,4.2,33.3,7.8,0.69,0.87,66,25,7.6,12,44,0,32,2209,64,43,26,4,0,0,1,20,7,54,2,19,8,25,164,46,275,181,89,111,57,51,173,48,115,24596,3.99,15530,63.1,28.5,16.4,27.7,27.4,71.5,0,45.2,77.1,25.3,4.5,276,21,13.5,834,333,9.3,576,315,322,1006,24.2,0,0,0,874,509,1828,101,989,2686,1249,1436,NA,54,28.2,4.56,"Minnesota Twins"
"New York Mets",162,6177,5468,676,1282,265,34,170,649,71,39,566,1404,0.234,0.312,0.389,0.701,97,2125,116,73,28,42,36,NA,0,0,0,-78,59,-19,-4.5,190,172,14.2,0.499,0.5,23.7,-9.2,249,182101748,NA,4411,695,4.2,93,0.283,0.242,0.313,0.398,0.711,0.465,-3.7,-0.6,0.653,0.264,0.154,100.2,6373,-6.5,105.4,-111.9,1.02,-2.1,-4.3,-1.6,-0.4,0.94,2.3,1.44,215,2.8,22.7,9.2,7.6,37,2.48,3.9,32.2,8.4,0.74,0.95,64,23,8.5,15,60,0,29,2183,65,60,33,11,6,0,0,12,5,46,8,15,10,13,141,44,261,178,81,89,46,39,143,43,98,24280,3.92,15417,63.5,26.7,18.5,28,26.8,73.3,0,46.6,74.7,29,4.5,279,19,13.2,820,337,8.6,533,278,321,1082,22.9,0,0,0,813,530,1811,97,1038,2606,1269,1336,NA,56,28.3,4.17,"New York Mets"
"New York Yankees",162,6271,5515,851,1374,269,23,267,821,63,21,625,1421,0.249,0.329,0.451,0.781,108,2490,107,62,10,59,21,NA,58,8,5,-10,-2,60,8.4,221,281,29.5,0.504,0.504,29.1,0.6,291,128919725,NA,4338,855,5.3,103,0.285,0.254,0.324,0.424,0.748,0.559,63.9,6,0.759,0.323,0.202,101.9,6468,9.3,113.1,-103.8,0.96,11.6,-1.9,108.8,10.2,0.95,129.2,1.74,59,4.3,22.7,10,8.9,41,2.27,3.9,20.7,6.7,0.73,0.95,62,23,12.8,12,56,0,32,2296,75,54,19,9,1,0,1,7,1,54,12,10,13,19,197,41,260,182,76,77,41,34,164,64,94,25217,4.01,15562,61.7,26.9,19,27.3,26.8,73.1,0,45.1,74,27.3,5.5,344,45,15,945,393,10,630,347,321,1099,22.6,0,0,0,815,604,1850,82,917,2557,1245,1311,NA,49,27.2,5.25,"New York Yankees"
"Oakland Athletics",162,6255,5579,813,1407,322,20,227,778,35,21,550,1381,0.252,0.325,0.439,0.764,109,2450,136,76,6,44,18,NA,73,-1,-9,27,-4,86,11.2,222,308,32.3,0.505,0.506,28.1,4.3,281,59580833,NA,4379,806,4.9,98,0.294,0.248,0.316,0.413,0.729,0.528,76.8,7.4,0.719,0.288,0.187,60.6,6402,3.5,112.2,-108.7,0.97,7.5,-3.9,83.7,8.1,0.94,85,1.39,117,3.6,22.1,8.8,9.1,40,2.51,4,24.6,7.2,0.67,0.87,64,26,10.1,11,54,0,32,2274,63,31,20,3,1,1,0,8,3,42,6,10,11,15,160,45,284,189,94,106,52,52,153,48,98,24995,3.99,15649,62.6,26.7,17.9,28.3,27.1,73.3,0,45.9,75.6,27.5,4.7,292,22,14.4,900,404,9.8,615,345,315,1066,22.8,0,0,0,838,532,1860,71,976,2601,1210,1390,NA,53,28,5.02,"Oakland Athletics"
"Philadelphia Phillies",162,6136,5424,677,1270,241,30,186,653,69,26,582,1520,0.234,0.314,0.393,0.707,89,2129,102,64,32,32,33,NA,-91,1,1,-116,55,-149,-18.3,188,39,0.2,0.493,0.495,13.8,-13.3,155,93774333,NA,4346,709,4.4,104,0.289,0.256,0.33,0.421,0.75,0.481,-92.4,-9.3,0.664,0.274,0.158,100.7,6328,-5.3,97.7,-103.1,0.95,-5.4,-0.2,-27.7,-2.9,0.94,-41.9,1.15,261,3,24.8,9.5,7.5,36,2.61,3.6,29.2,8.3,0.77,1.01,61,23,9.8,14,44,2,28,2186,73,64,20,3,5,2,1,13,2,36,6,13,10,7,144,38,263,190,67,74,43,31,135,50,82,24739,4.02,15659,63.3,27.5,19.7,27.4,25.3,72.5,0,45.9,72.7,28.4,4.9,304,36,14.3,878,323,10,613,322,339,1177,22.3,0,0,0,813,549,1776,75,1024,2488,1250,1237,NA,48,26.7,4.18,"Philadelphia Phillies"
"Pittsburgh Pirates",161,6066,5447,692,1381,290,38,157,665,70,38,474,1229,0.254,0.317,0.407,0.725,98,2218,121,59,31,52,38,NA,-19,-8,-2,-15,58,14,-1,187,201,17.5,0.501,0.502,20.3,-2.2,216,87029000,NA,4308,729,4.6,98,0.298,0.249,0.322,0.409,0.731,0.498,-11.3,-1.3,0.668,0.247,0.154,96.8,6248,-1,103.6,-104.6,0.98,-1.9,0.9,8.5,0.6,0.94,3.2,1.17,231,2.6,20.3,7.8,8,35,2.59,4.4,34.7,8.2,0.8,1.03,68,25,7.5,11,52,3,30,2151,65,64,36,6,1,0,1,6,4,62,11,14,14,23,147,41,272,188,83,99,50,45,149,52,86,23687,3.9,15176,64.1,25.3,17.7,28.7,28.4,74.7,0,47.9,76.4,29.3,4.3,261,50,12.9,781,345,8.3,502,294,276,952,22.5,0,0,0,896,436,1812,106,1014,2664,1351,1312,NA,48,27.8,4.3,"Pittsburgh Pirates"
"San Diego Padres",162,6059,5486,617,1289,250,30,162,583,95,36,471,1523,0.235,0.297,0.38,0.677,87,2085,122,31,35,36,28,NA,-99,-4,3,40,52,-9,-3.3,187,179,15.1,0.5,0.5,12,3.3,138,80443000,NA,4426,637,3.9,97,0.294,0.247,0.319,0.406,0.725,0.424,-100.3,-10.1,0.616,0.242,0.145,119.8,6256,-10.1,100.1,-110.2,1,-8.4,-1.7,-78.9,-8.2,0.93,-77.9,1.26,222,2.7,25.1,7.8,7.3,34,3.23,3.6,33.9,9.4,0.89,1.21,63,24,9,13,47,0,28,2103,73,87,32,8,3,0,1,14,8,52,6,16,14,16,99,39,252,182,66,64,31,31,127,47,74,23875,3.93,15413,64.6,26.8,19.8,27.3,26.2,73.2,0,47.3,73,29,4.1,247,26,12.6,765,314,7.6,462,262,351,1166,23,0,0,0,847,443,1676,102,957,2505,1371,1133,NA,49,26.8,3.81,"San Diego Padres"
"Seattle Mariners",162,6087,5513,677,1402,256,32,176,644,79,37,430,1221,0.254,0.314,0.408,0.722,102,2250,128,70,29,41,17,NA,10,-3,-3,-18,-5,-19,0.3,216,197,20.8,0.499,0.5,21.3,-0.5,215,152782000,NA,4346,712,4.4,94,0.295,0.243,0.311,0.405,0.716,0.475,15.4,1.4,0.662,0.239,0.154,109.1,6303,1.4,110.3,-108.9,1.01,-2.6,3.9,-36.4,-3.9,0.94,-34,1.91,87,2.9,20.1,7.1,7.6,33,2.84,4.5,31.3,8.6,0.85,1.13,68,24,8.5,11,45,4,28,2190,68,69,34,10,2,0,1,11,8,40,3,10,12,15,160,38,295,216,74,83,52,31,176,60,106,23145,3.79,14780,63.9,26.7,16.6,27.2,29.5,73.3,0,46.8,77.3,27.2,4.2,256,22,13.8,844,395,7.9,484,275,261,959,21.4,0,0,0,938,413,1775,88,1010,2717,1441,1275,NA,53,29.8,4.18,"Seattle Mariners"
"San Francisco Giants",162,6113,5541,603,1324,255,30,133,573,77,34,448,1467,0.239,0.3,0.368,0.667,84,2038,113,49,33,42,40,NA,-124,0,-2,23,56,-47,-7.5,188,140,11,0.498,0.499,9.7,1.5,117,201960277,NA,4439,629,3.8,97,0.299,0.248,0.32,0.408,0.728,0.417,-124.2,-12.5,0.599,0.217,0.129,97.5,6328,-9.4,105.6,-115.1,1.06,-11.7,2.8,-90.1,-9.3,0.94,-125.9,1.34,268,2.2,24,7.3,6.8,32,3.27,3.8,41.7,9.7,0.82,1.12,65,26,6.7,11,51,0,28,2166,69,70,29,7,5,0,0,14,6,32,6,13,5,8,154,40,293,205,87,78,44,33,159,62,92,23958,3.91,15402,64.3,25.6,19.5,28,26.9,74.4,0,47.8,73.8,29,3.8,236,18,12.8,786,357,7.7,474,269,308,1151,21,0,0,0,906,408,1739,80,1056,2586,1366,1219,NA,48,29.8,3.72,"San Francisco Giants"
"St. Louis Cardinals",162,6200,5498,759,1369,248,9,205,725,63,32,525,1380,0.249,0.321,0.409,0.73,99,2250,92,80,46,48,40,NA,-14,-5,6,39,55,81,6.2,190,271,25,0.504,0.503,21.9,3.1,232,155113667,NA,4347,759,4.7,99,0.294,0.25,0.323,0.411,0.734,0.512,-5.6,-0.7,0.686,0.261,0.16,96.4,6389,6.5,111.7,-105.2,0.98,3.7,2.9,65.8,6.4,0.96,47.3,1.28,218,3.3,22.3,8.5,7.5,34,2.63,4,26.8,7.6,0.77,1.02,64,25,9.8,10,46,3,31,2241,66,57,28,6,3,0,1,10,2,59,11,11,17,20,149,41,310,212,90,83,44,36,184,70,111,24405,3.93,15393,63.1,28,17.8,26.8,27.4,72,0,45.4,75.3,28.5,4.8,301,38,14.4,895,329,9.4,582,295,337,1039,24.4,0,0,0,907,485,1818,101,958,2611,1318,1292,NA,49,28,4.69,"St. Louis Cardinals"
"Tampa Bay Rays",162,6195,5475,716,1415,274,43,150,664,128,51,540,1388,0.258,0.333,0.406,0.74,105,2225,122,101,28,50,17,NA,38,-6,3,25,-5,56,8,221,277,29,0.503,0.502,25.1,3.9,252,35211667,NA,4311,766,4.8,97,0.317,0.246,0.315,0.411,0.726,0.512,46.9,4.4,0.707,0.261,0.148,138.1,6474,-3.1,107,-110.1,1,2.1,-5.3,-2.3,-0.4,0.96,15.4,1.77,91,2.4,22.4,8.7,7.5,33,2.57,3.9,36.5,8.2,0.86,1.09,64,25,7.7,12,47,1,29,2311,72,116,44,11,4,1,3,18,3,64,13,18,10,23,152,40,320,226,91,78,38,35,180,67,105,23739,3.82,15011,63.2,25.2,19.4,27.7,27.7,74.8,0,47.3,74.1,32.3,4.3,267,15,13.1,815,354,8.3,513,279,322,1065,23.2,0,0,0,948,523,1954,133,1105,2503,1305,1197,NA,54,27.1,4.42,"Tampa Bay Rays"
"Texas Rangers",162,6163,5453,737,1308,266,24,194,696,74,35,555,1484,0.24,0.318,0.404,0.722,88,2204,104,88,33,34,16,NA,-97,6,5,9,-4,-81,-6,218,137,14.7,0.495,0.498,12.5,2.4,128,96753628,NA,4351,727,4.5,109,0.292,0.263,0.334,0.438,0.772,0.484,-102.2,-10.2,0.682,0.273,0.164,107.1,6394,-7.7,101.9,-109.6,0.99,-3,-4.9,-33.7,-3.2,0.94,-43.5,1.78,70,3.2,24.1,9,7.9,37,2.67,3.7,28.1,7.8,0.8,1.04,62,24,10,11,56,0,30,2209,68,68,30,6,5,0,0,13,5,50,7,21,10,12,168,42,265,180,80,80,44,34,142,47,89,24572,3.98,15510,63.1,27.6,18.8,27.5,26,72.4,0,45.7,74,26.6,4.3,266,11,13.6,842,330,8.8,545,301,351,1131,23.7,0,0,0,824,539,1813,98,978,2501,1275,1225,NA,50,27.4,4.55,"Texas Rangers"
"Toronto Blue Jays",162,6076,5477,709,1336,320,16,217,680,47,30,499,1387,0.244,0.312,0.427,0.739,103,2339,118,58,5,37,15,NA,26,-15,-3,-94,-6,-92,-7.2,217,125,13.5,0.495,0.497,21.8,-8.3,219,125085772,NA,4331,728,4.5,97,0.286,0.246,0.315,0.411,0.726,0.486,24.3,2.3,0.686,0.277,0.183,77.3,6253,-0.2,110.4,-110.6,1.01,0.4,-0.6,-11.3,-1.3,0.93,4.6,1.53,118,3.6,22.8,8.2,9.1,41,2.78,3.9,25.2,8.1,0.71,0.95,64,25,10.4,13,56,0,29,2114,61,38,26,7,3,2,1,8,1,64,7,23,13,21,141,35,241,171,64,100,71,26,142,55,79,23536,3.87,14975,63.6,25.9,19.7,26.8,27.6,74.1,0,47.1,73.5,28.5,4.7,283,51,13.8,837,351,8.1,491,281,291,1095,21,0,0,0,783,484,1732,102,921,2580,1256,1323,NA,63,28.9,4.38,"Toronto Blue Jays"
"Washington Nationals",162,6288,5517,771,1402,284,25,191,737,119,33,631,1289,0.254,0.335,0.419,0.753,98,2309,104,59,41,40,56,NA,-27,-2,2,-43,60,-10,-3.8,189,179,14.9,0.499,0.501,20.7,-5.7,222,187886699,NA,4333,829,5.2,107,0.297,0.26,0.335,0.428,0.763,0.554,-15.3,-1.8,0.733,0.294,0.164,146.6,6538,-1.8,110.8,-112.5,1.02,3.1,-4.8,57.8,5.2,0.97,47.2,1.35,250,3,20.5,10,8,36,2.04,4.3,28.9,7.5,0.8,1.08,65,25,9.3,12,43,0,30,2290,78,98,31,20,2,1,0,22,9,54,8,17,13,16,140,39,314,223,88,83,41,40,179,77,97,24843,3.94,15570,62.7,27,17.2,28.2,27.7,73,0,45.8,76.5,29.5,5.5,350,39,14.2,893,314,9.3,589,297,322,957,25,0,0,0,902,575,1944,109,1064,2679,1391,1287,NA,53,27.6,4.76,"Washington Nationals"
NA,162,6171,5514,721,1367,275,28,186,687,82,32,523,1374,0.248,0.318,0.409,0.728,97,2258,115,64,27,41,31,NA,NA,NA,NA,NA,NA,NA,NA,NA,NA,NA,NA,NA,NA,NA,NA,NA,NA,4363,746,4.6,101,0.296,0.252,0.323,0.417,0.74,0.498,-23,-2,0.682,0.265,0.161,114,6383,-1,107,-108,0.99,0,-1,2,0,0,0,0,162,3,22.3,8.5,7.9,36,2.63,4,29.6,8,0.78,1.03,65,25,9.1,12,54,1,30,2208,72,71,28,11,3,1,1,12,5,53,8,17,11,17,153,41,280,192,84,88,48,37,160,59,94,24148,3.9,15322,63.4,26.4,18.3,27.8,27.5,73.6,0,46.7,75.1,28.8,4.5,281,27,13.7,846,353,8.7,537,299,318,1052,23.1,0,0,0,878,492,1823,97,1005,2605,1321,1283,NA,46,28.1,4.45,NA
NA,4862,185139,165432,21630,41018,8264,847,5585,20606,2474,958,15686,41207,0.248,0.318,0.409,0.728,97,67731,3457,1922,823,1235,929,NA,-709,1,-1,-62,774,6,-2.8,6111,6117,588.1,0.5,0.501,590.9,-0.2,6178,3689782968,NA,130887,22384,4.6,101,0.296,0.252,0.323,0.417,0.74,0.498,-725.1,-77.9,0.682,0.265,0.161,3429,191479,-60.4,3196,-3256.5,0.99,-13.6,-47.4,72.4,-1.4,0.94,-43.5,1.33,4872,3,22.3,8.5,7.9,36,2.63,4,29.6,8,0.78,1.03,65,25,9.1,12,1631,41,30,66244,72,2129,835,330,96,15,27,350,137,1586,238,497,333,518,4592,41,8391,5755,2521,2633,1453,1110,4785,1784,2819,724447,3.9,459660,63.4,26.4,18.3,27.8,27.5,73.6,0,46.7,75.1,28.8,4.5,8433,813,13.7,25369,10592,8.7,16109,8961,9534,31571,23.1,0,0,0,26322,14757,54713,2894,30189,78119,39636,38482,NA,1379,28.1,4.45,NA
